{
    "training_history": {
        "epoch": [
            1,
            2,
            3,
            4,
            5,
            6,
            7,
            8,
            9,
            10
        ],
        "train_total_loss": [
            353.37141592843193,
            133.78757247924804,
            72.96137174878801,
            77.68755207061767,
            56.87588351113455,
            43.55640847342355,
            51.30892590114048,
            42.41367383684431,
            38.08245985848563,
            39.00133500780378
        ],
        "train_hiding_psnr": [
            28.378870010375977,
            23.118030548095703,
            21.093923568725586,
            22.109086990356445,
            22.264785766601562,
            22.568761825561523,
            23.55304718017578,
            22.173980712890625,
            23.471664428710938,
            21.65587615966797
        ],
        "train_recovery_psnr": [
            11.715537071228027,
            18.781368255615234,
            17.634538650512695,
            18.276565551757812,
            20.92812728881836,
            16.753206253051758,
            19.51791000366211,
            19.206945419311523,
            21.689613342285156,
            18.32356071472168
        ],
        "train_hiding_ssim": [
            0.5852948427200317,
            0.5936110615730286,
            0.5390292406082153,
            0.3543328046798706,
            0.5281112790107727,
            0.5584787726402283,
            0.386441171169281,
            0.3912564218044281,
            0.4777088165283203,
            0.7096775770187378
        ],
        "train_recovery_ssim": [
            0.2574915289878845,
            0.4922499358654022,
            0.4262089431285858,
            0.6274548172950745,
            0.5617185831069946,
            0.5008511543273926,
            0.39302942156791687,
            0.552730143070221,
            0.5727502703666687,
            0.43330883979797363
        ],
        "train_hiding_mse": [
            0.005809957627207041,
            0.01950998604297638,
            0.03109334036707878,
            0.02461226098239422,
            0.023745516315102577,
            0.02214031293988228,
            0.017650432884693146,
            0.024247221648693085,
            0.0179843008518219,
            0.027319476008415222
        ],
        "train_recovery_mse": [
            0.26946741342544556,
            0.05295698717236519,
            0.06896141171455383,
            0.059484466910362244,
            0.03230332210659981,
            0.08447717130184174,
            0.04469604790210724,
            0.04801373556256294,
            0.027108078822493553,
            0.05884425342082977
        ],
        "train_bit_acc": [
            0.5655243542729592,
            0.5536021537521258,
            0.6590659212903912,
            0.6470797791772959,
            0.6447745602147109,
            0.6529657273065477,
            0.6318450720131803,
            0.5950130540497449,
            0.6685201424319728,
            0.6007462066857994
        ],
        "train_ber": [
            0.5655243542729592,
            0.5536021537521258,
            0.6590659212903912,
            0.6470797791772959,
            0.6447745602147109,
            0.6529657273065477,
            0.6318450720131803,
            0.5950130540497449,
            0.6685201424319728,
            0.6007462066857994
        ],
        "train_hiding_hr": [
            0.9942236542701721,
            0.9808633327484131,
            0.9698442816734314,
            0.9759789109230042,
            0.9768052101135254,
            0.9783393144607544,
            0.9826556444168091,
            0.9763268232345581,
            0.9823334217071533,
            0.9734070897102356
        ],
        "train_bir": [
            0.005809957627207041,
            0.01950998604297638,
            0.03109334036707878,
            0.02461226098239422,
            0.023745516315102577,
            0.02214031293988228,
            0.017650432884693146,
            0.024247221648693085,
            0.0179843008518219,
            0.027319476008415222
        ],
        "val_total_loss": [
            224.7819595336914,
            91.56878229777018,
            49.4101510365804,
            55.27940813700358,
            47.16114807128906,
            45.32790616353353,
            38.14728406270345,
            43.5162410736084,
            38.18480936686198,
            37.31315905253093
        ],
        "val_hiding_psnr": [
            28.606991577148438,
            22.960729853312174,
            21.469109853108723,
            21.70694745381673,
            22.52582689921061,
            22.924407323201496,
            22.87849973042806,
            22.832590993245443,
            23.209718322753908,
            23.14147669474284
        ],
        "val_recovery_psnr": [
            12.946885172526041,
            16.085688336690268,
            18.737321853637695,
            18.16182492574056,
            18.789950815836587,
            19.156631151835125,
            20.169044494628906,
            19.92633488972982,
            20.036222203572592,
            20.294375864664712
        ],
        "val_hiding_ssim": [
            0,
            0,
            0,
            0,
            0,
            0,
            0,
            0,
            0,
            0
        ],
        "val_recovery_ssim": [
            0.3356404890616735,
            0.3470372607310613,
            0.42554894586404163,
            0.40517146786053976,
            0.4336475610733032,
            0.4808489878972371,
            0.5186458518107732,
            0.480723379055659,
            0.4677292545636495,
            0.513002355893453
        ],
        "val_hiding_mse": [
            0,
            0,
            0,
            0,
            0,
            0,
            0,
            0,
            0,
            0
        ],
        "val_recovery_mse": [
            12.946885172526041,
            16.085688336690268,
            18.737321853637695,
            18.16182492574056,
            18.789950815836587,
            19.156631151835125,
            20.169044494628906,
            19.92633488972982,
            20.036222203572592,
            20.294375864664712
        ],
        "val_bit_acc": [
            0.582854574121315,
            0.5971116669323979,
            0.6407630695507368,
            0.6196879207412131,
            0.637922512755102,
            0.6349165935905613,
            0.6790635850694444,
            0.6456416192779194,
            0.6532064355690194,
            0.656520547672194
        ],
        "val_ber": [
            0.582854574121315,
            0.5971116669323979,
            0.6407630695507368,
            0.6196879207412131,
            0.637922512755102,
            0.6349165935905613,
            0.6790635850694444,
            0.6456416192779194,
            0.6532064355690194,
            0.656520547672194
        ],
        "val_hiding_hr": [
            0.9942236542701721,
            0.9808633327484131,
            0.9698442816734314,
            0.9759789109230042,
            0.9768052101135254,
            0.9783393144607544,
            0.9826556444168091,
            0.9763268232345581,
            0.9823334217071533,
            0.9734070897102356
        ],
        "val_bir": [
            0.005809957627207041,
            0.01950998604297638,
            0.03109334036707878,
            0.02461226098239422,
            0.023745516315102577,
            0.02214031293988228,
            0.017650432884693146,
            0.024247221648693085,
            0.0179843008518219,
            0.027319476008415222
        ],
        "bpp": [
            24.0,
            24.0,
            24.0,
            24.0,
            24.0,
            24.0,
            24.0,
            24.0,
            24.0,
            24.0
        ],